﻿{"cameraMode":{"drawMode":0,"name":"Shaded","section":"Shading Mode"},"sceneLighting":true,"audioPlay":false,"sceneViewState":{"showFog":true,"showMaterialUpdate":false,"showSkybox":true,"showFlares":true,"showImageEffects":true,"showParticleSystems":true},"in2DMode":false,"pivot":{"x":-187.52479553222657,"y":-64.02618408203125,"z":-242.27867126464845},"rotation":{"x":0.03463123366236687,"y":-0.9417459964752197,"z":0.1024007499217987,"w":0.31847983598709109},"size":347.8609619140625,"orthographic":false}